docId,eCode,voucherGuid
12345ABCD1,12345ABCD1,a1
12345ABCD2,12345ABCD2,a2
12345ABCD3,12345ABCD3,a3
12345ABCD4,12345ABCD4,a4
12345ABCD5,12345ABCD5,a5
12345ABCD6,12345ABCD6,a6
12345ABCD7,12345ABCD7,a7
12345ABCD8,12345ABCD8,a8
12345ABCD9,12345ABCD9,a9
12345ABCD10,12345ABCD10,a10
12345ABCD11,12345ABCD11,a11
12345ABCD12,12345ABCD12,a12
12345ABCD13,12345ABCD13,a13
12345ABCD14,12345ABCD14,a14
12345ABCD15,12345ABCD15,a15
12345ABCD16,12345ABCD16,a16
12345ABCD17,12345ABCD17,a17
12345ABCD18,12345ABCD18,a18
12345ABCD19,12345ABCD19,a19
12345ABCD20,12345ABCD20,a20
